<?xml version="1.0" encoding="UTF-8"?>
<project-private xmlns="http://www.netbeans.org/ns/project-private/1">
    <editor-bookmarks xmlns="http://www.netbeans.org/ns/editor-bookmarks/2" lastBookmarkId="0"/>
    <open-files xmlns="http://www.netbeans.org/ns/projectui-open-files/2">
        <group>
            <file>file:/C:/Users/Student/Documents/NetBeansProjects/Dr%20Marite%20project/src/DrPatientDetails.java</file>
            <file>file:/C:/Users/Student/Documents/NetBeansProjects/Dr%20Marite%20project/src/Home.java</file>
            <file>file:/C:/Users/Student/Documents/NetBeansProjects/Dr%20Marite%20project/src/Admin.java</file>
            <file>file:/C:/Users/Student/Documents/NetBeansProjects/Dr%20Marite%20project/src/DrAppointments.java</file>
            <file>file:/C:/Users/Student/Documents/NetBeansProjects/Dr%20Marite%20project/src/PatientsPanel.java</file>
            <file>file:/C:/Users/Student/Documents/NetBeansProjects/Dr%20Marite%20project/src/Booking.java</file>
            <file>file:/C:/Users/Student/Documents/NetBeansProjects/Dr%20Marite%20project/src/DoctersClerk.java</file>
            <file>file:/C:/Users/Student/Documents/NetBeansProjects/Dr%20Marite%20project/src/AdminClerk.java</file>
            <file>file:/C:/Users/Student/Documents/NetBeansProjects/Dr%20Marite%20project/src/DoctersHome.java</file>
            <file>file:/C:/Users/Student/Documents/NetBeansProjects/Dr%20Marite%20project/src/PATIENTS.java</file>
        </group>
    </open-files>
</project-private>
